name,Athletic_rank,play_or_not,start_age,end_age,start_year,end_year,n_seasons,championships,FMVP,MVP,MVP_2,MVP_3,western_conference_champions,eastern_conference_champions,western_playoffs_mvp,eastern_playoffs_mvp,in_season_tournament_championship,IMVP,in_season_team,leading_scores,leading_scores_2,leading_scores_3,leading_rebounds,leading_rebounds_2,leading_rebounds_3,leading_assists,leading_assists_2,leading_assists_3,leading_steals,leading_steals_2,leading_steals_3,leading_blocks,leading_blocks_2,leading_blocks_3,DPOY,DPOY_2,DPOY_3,rookie_of_year,all_rookie_team_1,all_rookie_team_2,rookie_challenge_MVP,all_NBA_team_1,all_NBA_team_2,all_NBA_team_3,all_defensive_team_1,all_defensive_team_2,all_star_voting_1,all_star_voting_2,all_star_voting_3,western_all_star,eastern_all_star,AMVP,ABA_championship,ABA_playoff_MVP,ABA_MVP,ABA_rookie_of_year,all_ABA_team_1,ABA_all_defensive_team_1,all_ABA_team_2,ABA_all_rookie_team_1,monthly_best,weekly_best,rookie_of_month,Olympic_gold,FIBA_championship,FIBA_AmeriCup,slam_dunk_contest_championship,3point_contest_championship,skills_challenge_championship,hall_of_fame,sixth_man_of_the_year,most_improved_player,sportsmanship_award,best_manager,best_coach,best_teammate,hustle_award,kennedy_citizenship_award,magic_johnson_award,Naismith_trophy,lifetime_achievement_award,rematch_MVP,75_stars,sportsman_of_year_Laureus,sportsman_of_year_Laureus_nominated,sportsperson_of_year_SI,USA_Basketball_Male_Athlete_of_Year,century_player,ESPY_male_athlete,ESPY_NBA,ESPY_breakthrough,ESPY_outstanding_team,ESPY_record_breaking,Gatorade_Player_of_Year,Gatorade_Athlete_of_Year,BET_Awards,hickok_belt,Jackie_Robinson_Sports_Award,Jordan_Brand_Classic_co_MVP,Associated_Press_Athlete_of_the_Year,The_Sporting_News_Athlete_of_the_Year,total_score,total_rebound,total_assist,total_steal,total_block,ave_score,ave_rebound,ave_assist,ave_steal,ave_block,total_score_playoff,total_rebound_playoff,total_assist_playoff,total_steal_playoff,total_block_playoff,ave_score_playoff,ave_rebound_playoff,ave_assist_playoff,ave_steal_playoff,ave_block_playoff
,,,,,,,,championships,FMVP,MVP,MVP,MVP,western_conference_champions,eastern_conference_champions,western_playoffs_mvp,eastern_playoffs_mvp,in_season_tournament_championship,IMVP,in_season_team,leading_scores,leading_scores,leading_scores,leading_rebounds,leading_rebounds,leading_rebounds,leading_assists,leading_assists,leading_assists,leading_steals,leading_steals,leading_steals,leading_blocks,leading_blocks,leading_blocks,DPOY,DPOY,DPOY,rookie_of_year,all_rookie_team_1,all_rookie_team_2,rookie_challenge_MVP,all_NBA_team_1,all_NBA_team_2,all_NBA_team_3,all_defensive_team_1,all_defensive_team_2,all_star_voting,all_star_voting,all_star_voting,western_all_star,eastern_all_star,AMVP,ABA_championship,ABA_playoff_MVP,ABA_MVP,ABA_rookie_of_year,all_ABA_team_1,ABA_all_defensive_team_1,all_ABA_team_2,ABA_all_rookie_team_1,monthly_best,weekly_best,rookie_of_month,Olympic_gold,FIBA_championship,FIBA_AmeriCup,slam_dunk_contest_championship,3point_contest_championship,skills_challenge_championship,hall_of_fame,sixth_man_of_the_year,most_improved_player,sportsmanship_award,best_manager,best_coach,best_teammate,hustle_award,kennedy_citizenship_award,magic_johnson_award,Naismith_trophy,lifetime_achievement_award,rematch_MVP,75_stars,sportsman_of_year_Laureus,sportsman_of_year_Laureus,sportsperson_of_year_SI,USA_Basketball_Male_Athlete_of_Year,century_player,ESPY_male_athlete,ESPY_NBA,ESPY_male_athlete,ESPY_male_athlete,ESPY_male_athlete,Gatorade_Player_of_Year,Gatorade_Athlete_of_Year,BET_Awards,hickok_belt,Jackie_Robinson_Sports_Award,Jordan_Brand_Classic_co_MVP,Associated_Press_Athlete_of_the_Year,The_Sporting_News,-1,-1,-1,-1,-1,-1,-1,-1,-1,-1,-1,-1,-1,-1,-1,-1,-1,-1,-1,-1
,,,,,,,,70,65,80,58,40,70,65,49,46,50,50,60,57,44,36,57,44,36,57,44,36,57,44,36,57,44,36,68,48,30,65,65,65,65,70,60,60,60,60,60,42,30,60,60,52,75,50,55,50,60,60,60,60,30,25,28,50,50,35,60,51,47,50,50,50,50,70,70,50,50,50,50,50,50,50,70,70,30,38,33,35,32,25,25,25,25,33,50,35,60,30,40,50,40,-1,-1,-1,-1,-1,-1,-1,-1,-1,-1,-1,-1,-1,-1,-1,-1,-1,-1,-1,-1
Michael Jordan,1,retired,21,40,1984,2003,15,6,6,5,3,2,0,6,,,,,,10,0,1,0,0,0,0,0,0,3,1,3,0,0,0,1,1,1,1,1,0,0,10,1,0,9,0,9,2,0,0,14,3,,,,,,,,,16,25,3,2,0,1,2,0,0,1,0,0,0,0,0,0,0,0,0,0,0,0,1,0,0,1,3,1,1,4,0,0,,,,,,1,,3,0,32292,6672,5633,2514,893,30.1,6.2,5.3,2.3,0.8,5987,1152,1022,376,158,33.4,6.4,5.7,2.1,0.9
LeBron James,2,playing,18,39,2003,2024,20,4,4,4,4,4,1,9,0,0,1,1,1,1,3,6,0,0,0,1,1,0,0,0,2,0,0,0,0,2,0,1,1,0,0,13,3,2,5,1,10,5,3,6,14,3,,,,,,,,,40,67,6,2,0,1,0,0,0,,0,0,0,0,0,0,0,1,0,0,0,0,1,0,3,3,1,0,3,7,1,3,1,2,1,9,2,1,1,4,1,40000,11000,10800,2250,1100,27.2,7.5,7.3,1.5,0.8,8022,2549,2023,471,270,28.4,9,7.2,1.7,1
Kareem Abdul-Jabbar,3,retired,22,42,1969,1989,20,6,2,6,1,2,10,0,,,,,,2,3,3,1,1,3,0,0,0,0,0,0,4,3,2,0,0,0,1,1,0,0,10,5,0,5,6,0,2,0,13,6,0,,,,,,,,,2,7,,0,0,,0,0,0,1,0,0,0,0,0,0,0,0,0,0,0,0,1,,,1,,0,,,,,,,,,,,,,0,38387,17440,5660,1160,3189,24.6,11.2,3.6,0.9,2.6,5762,2481,767,189,476,24.3,10.5,3.2,0.8,2
Bill Russell,4,retired,22,35,1956,1969,13,11,,5,2,2,0,12,,,,,,0,0,0,4,6,2,0,0,0,,,,,,,,,,0,,,0,3,8,0,1,0,,,,0,12,1,,,,,,,,,,,,1,,,,,,1,,,,0,0,,,,,0,1,,1,,,1,,0,,,,,,,,,,,,,0,14552,21620,4100,-1,-1,15.1,22.5,4.3,-1,-1,2673,4104,770,-1,-1,16.2,24.9,4.7,-1,-1
Magic Johnson,5,retired,20,37,1979,1996,13,5,3,3,2,4,9,0,,,,,,0,0,0,0,0,0,4,6,0,2,0,0,0,0,0,0,0,0,0,1,0,0,9,1,0,0,0,2,3,3,10,0,2,,,,,,,,,5,18,,1,0,,0,0,0,1,0,0,0,0,0,0,0,1,0,0,1,0,1,,,0,1,0,,,,,,,,,,1,,,0,17707,6559,10141,1724,374,19.5,7.2,11.2,1.9,0.4,3701,1465,2346,358,64,19.5,7.7,12.3,1.9,0.3
Tim Duncan,9,retired,21,40,1997,2016,19,5,3,2,2,1,6,0,,,,,,0,0,0,0,2,3,0,0,0,0,0,0,0,0,3,0,0,2,1,1,0,0,10,2,3,8,7,0,0,0,15,0,1,,,,,,,,,3,23,6,0,0,,0,0,0,1,0,0,0,0,0,1,0,0,0,0,0,0,1,0,0,1,1,0,0,2,,,,,,,,,,,0,26496,15091,4225,1025,3020,19,10.8,3,0.7,2.2,5172,2859,764,168,568,20.6,11.4,3,0.7,2.3
Wilt Chamberlain,,retired,23,37,1959,1973,14,2,1,4,2,1,4,1,,,,,,7,0,2,11,2,0,1,0,1,,,,,,,,,,1,,,0,7,3,0,2,0,,,,7,6,1,,,,,,,,,,,,0,,,,,,1,,,,0,0,,,,,,0,,1,,,0,,0,,,,,,,,,,,,,0,31419,23924,4643,-1,-1,30.1,22.9,4.4,-1,-1,3607,3913,673,-1,-1,22.5,24.5,4.2,-1,-1
Larry Bird,,retired,23,36,1979,1992,13,3,2,3,4,1,0,5,,,,,,0,1,1,0,0,0,0,0,0,0,0,0,0,0,0,0,0,1,1,1,0,0,9,1,0,0,3,0,2,1,0,12,1,,,,,,,,,7,15,,1,0,,0,3,0,1,0,0,0,1,1,0,0,0,0,0,1,0,1,,,0,1,0,,,,,,,,,,,,1,0,21791,8974,5695,1556,755,24.3,10,6.3,1.7,0.8,3897,1683,1062,296,145,23.8,10.3,6.5,1.8,0.9
Kobe Bryant,,retired,18,38,1996,2016,20,5,2,1,1,3,7,0,,,,,,2,4,2,0,0,0,0,0,0,0,0,0,0,0,0,0,0,0,0,0,1,0,11,2,2,9,3,4,3,3,18,0,4,,,,,,,,,17,33,0,2,0,1,1,0,0,1,0,0,0,0,0,0,0,0,0,0,0,0,1,0,1,0,,0,0,2,,2,,1,,3,,,,,0,33643,7047,6306,1944,640,25,5.2,4.7,1.4,0.5,5640,1119,1040,310,144,25.6,5.1,4.7,1.4,0.7
Shaquille O'Neal,,retired,20,39,1992,2011,19,4,3,1,2,2,4,2,,,,,,2,4,2,0,3,2,0,0,0,0,0,0,0,1,2,0,1,0,1,1,0,0,8,2,4,0,3,0,5,1,9,6,3,,,,,,,,,12,20,4,1,1,,0,0,0,1,0,0,0,0,0,0,0,0,0,0,0,0,1,0,0,0,1,0,0,2,,1,,,,1,,,,,0,28596,13099,3026,739,2732,23.7,10.9,2.5,0.6,2.3,5250,2508,582,117,459,24.3,11.6,2.7,0.5,2.1
Stephen Curry,,playing,21,36,2009,2024,14,4,1,2,0,1,6,0,1,0,0,0,0,2,0,0,0,0,0,0,0,0,1,0,1,0,0,0,0,0,0,0,1,0,0,4,3,1,0,0,1,3,3,10,0,1,,,,,,,,,10,20,3,0,2,,0,2,1,,0,0,1,0,0,0,0,0,1,0,0,0,1,0,2,1,,0,1,2,,2,2,,,5,1,1,,1,0,23000,4500,6000,1500,250,24.7,4.7,6.4,1.6,0.2,3966,786,912,223,44,27,5.3,6.2,1.5,0.3
Hakeem Olajuwon,,retired,21,39,1984,2002,18,2,2,1,1,0,3,0,,,,,,0,2,1,2,0,1,0,0,0,0,0,0,3,4,2,2,1,2,0,1,0,0,6,3,3,5,4,0,0,1,12,0,0,,,,,,,,,6,12,3,1,0,,0,0,0,1,0,0,1,0,0,0,0,0,0,0,0,0,1,,,0,,0,0,2,,,,,,,,,,,0,26946,13748,3058,2162,3830,21.8,11.1,2.5,1.7,3.1,3755,1621,458,245,472,25.9,11.2,3.2,1.7,3.3
Kevin Durant,,playing,19,36,2007,2024,16,2,2,1,3,0,4,0,0,0,0,0,1,4,1,1,0,0,0,0,0,0,0,0,0,0,0,0,0,0,0,1,1,0,1,6,4,0,0,0,0,2,2,11,3,2,,,,,,,,,15,31,5,3,1,,0,0,0,,0,0,0,0,0,0,0,0,1,0,0,0,1,0,0,0,3,0,1,1,,1,,,,2,,,1,,0,28000,7200,4500,1100,1200,27.4,7,4.4,1.1,1.1,4878,1301,696,170,198,29.4,7.8,4.2,1,1.2
Julius Erving,,retired,,,1976,1987,11,1,0,1,1,1,0,4,,,,,,0,0,0,0,0,0,0,0,0,0,0,0,0,0,0,,,,0,0,0,0,5,2,0,0,0,4,2,1,0,11,2,2,2,3,0,4,1,1,1,3,3,,0,0,,0,0,0,1,0,0,0,0,0,0,0,1,0,0,0,0,1,,,0,,0,,,,,,,,,,,,,0,18364,5601,3224,1508,1293,22,6.7,3.9,1.8,1.5,3088,994,594,235,239,21.9,7,4.2,1.7,1.7
Moses Malone,,retired,,,1976,1995,19,1,1,3,0,1,1,1,,,,,,0,2,0,6,2,1,0,0,0,0,0,0,0,0,0,0,0,0,0,0,0,0,4,4,0,1,1,1,2,1,5,7,0,,,,,,,,,4,7,,0,0,,0,0,0,1,0,0,0,0,0,0,0,0,0,0,0,0,1,,,0,,0,,,,,,,,,,,,,0,27409,16212,1796,1089,1733,22.1,13.8,1.4,0.8,1.3,2077,1295,136,84,151,22.1,13.8,1.4,0.9,1.6
George Mikan,,retired,,,1948,1956,7,5,,0,0,0,5,0,,,,,,3,2,0,1,2,1,0,0,0,,,,,,,,,,,,,,6,0,0,0,0,,,,4,0,1,,,,,,,,,,,,0,,,,,,1,,,,0,0,,,,,0,0,,1,,,0,,0,,,,,,,,,,,,,0,10156,4167,1245,-1,-1,23.4,13.1,2.8,-1,-1,1680,665,155,-1,-1,24,9.5,2.2,-1,-1
Bob Pettit,,retired,,,1954,1965,11,1,,2,2,1,4,0,,,,,,2,1,2,1,3,3,0,0,0,,,,,,,0,,,1,1,0,0,10,1,0,0,0,,,,11,0,4,,,,,,,,,,,,0,0,,0,0,0,1,0,0,0,0,0,0,0,0,0,0,0,0,1,,,0,,0,,,,,,,,,,,,,0,20880,12849,2369,-1,-1,26.4,16.2,3,-1,-1,2240,1304,241,-1,-1,25.5,14.8,2.7,-1,-1
Bob Cousy,,retired,,,1950,1963,13,6,,1,0,1,0,7,,,,,,0,2,1,0,0,0,8,1,3,,,,,,,,,,,,,,10,2,0,0,0,,,,0,13,2,,,,,,,,,,,,0,,,,,,1,,,,0,0,,,,,0,0,,1,,,0,,0,,,,,,,,,,,,,0,16960,4786,6955,-1,-1,18.4,5.2,7.5,-1,-1,2018,546,937,-1,-1,18.5,5,8.6,-1,-1
Karl Malone,,retired,,,1985,2004,19,0,0,2,1,2,3,0,,,,,,0,5,3,0,0,0,0,0,0,0,0,0,0,0,0,0,0,0,0,1,0,0,11,2,1,3,1,0,0,2,14,0,2,,,,,,,,,7,23,1,2,0,,0,0,0,1,0,0,0,0,0,0,0,0,0,0,0,0,1,,,0,1,0,,,,,,,,,,,,,0,36928,14968,5248,2085,1145,25,10.1,3.6,1.4,0.8,4761,2062,610,258,135,24.7,10.7,3.2,1.3,0.7
Jerry West,,retired,,,1960,1974,14,1,1,0,4,1,9,0,,,,,,1,2,2,0,0,0,1,0,1,,,,,,,,,,0,,,0,10,2,0,4,1,,,,14,0,1,,,,,,,,,,,,1,,,,,,1,,,,2,0,,,,,0,0,,1,,,0,,0,,,,,,,,,,,,,0,25192,5366,6238,81,23,27,5.8,6.7,2.6,0.7,4457,855,970,0,0,29.1,5.6,6.3,0,0
Dirk Nowitzki,,retired,,,1998,2019,21,1,1,1,0,2,2,0,,,,,,0,0,0,0,0,0,0,0,0,0,0,0,0,0,0,0,0,0,0,0,0,0,4,5,3,0,0,0,0,0,14,0,0,,,,,,,,,6,16,0,0,0,,0,1,0,0,0,0,0,0,0,1,0,0,1,1,0,0,1,0,1,0,,0,1,1,,1,,,,,,,,,0,31553,11489,3651,1210,1281,20.7,7.5,2.4,0.8,0.8,3663,1446,360,149,129,25.3,10,2.5,1,0.9
John Havlicek,,retired,,,1962,1978,16,8,1,0,0,0,0,8,,,,,,0,1,1,0,0,0,0,0,0,0,0,0,0,0,0,,,,0,1,0,0,4,7,0,5,3,0,1,1,0,13,0,,,,,,,,,,,,0,0,,0,0,0,1,0,0,0,0,0,0,0,0,0,0,0,0,1,,,0,,0,,,,,,,,,,,,,0,26395,8007,6114,476,117,20.8,6.3,4.8,1.2,0.3,3776,1186,825,60,16,22,6.9,4.8,1.1,0.3
Giannis Antetokounmpo,,playing,,,2013,2024,10,1,1,2,0,2,0,1,0,0,0,0,1,0,1,1,0,1,1,0,0,0,0,0,0,0,0,0,1,1,0,0,0,1,0,5,2,0,4,1,1,3,0,0,8,1,,,,,,,,,9,21,0,0,0,,0,0,0,,0,1,0,0,0,0,0,0,0,0,0,0,1,0,0,0,,0,1,1,,,,,,,,,,,0,17500,7300,3600,900,1000,23,9.6,4.7,1.1,1.3,2102,945,413,80,105,26.6,12,5.2,1,1.3
David Robinson,,retired,,,1989,2003,14,2,0,1,2,2,2,0,,,,,,1,0,1,1,2,0,0,0,0,0,0,0,1,1,3,1,3,1,1,1,0,0,4,2,4,4,4,0,0,0,10,0,0,,,,,,,,,4,14,6,2,1,,0,0,0,1,0,0,1,0,0,0,0,1,0,0,0,0,1,,,1,2,0,,,,,,,,,,,,,0,20790,10497,2441,1388,2954,21.1,10.6,2.5,1.4,3,2221,1301,280,151,312,18.1,10.6,2.3,1.2,2.5
Dwyane Wade,,retired,,,2003,2019,16,3,1,0,0,1,0,5,,,,,,1,0,0,0,0,0,0,0,0,0,1,0,0,0,0,0,0,1,0,1,0,0,2,3,3,0,3,0,0,0,0,13,1,,,,,,,,,6,19,0,1,0,,0,0,2,1,0,0,0,0,0,0,0,0,1,0,0,0,1,0,0,1,,0,0,1,1,2,,,,,,,,,0,23165,4933,5710,1620,885,22,4.7,5.4,1.5,0.8,3954,928,870,273,175,22.3,5.2,4.9,1.5,1
Oscar Robertson,,retired,,,1960,1974,14,1,0,1,1,3,2,0,,,,,,0,2,5,0,0,0,6,3,1,0,0,0,0,0,0,,,,1,,,0,9,2,0,0,0,,,,10,2,3,,,,,,,,,,,,1,,,,,,1,,,,0,0,,,,,0,1,,1,,,0,,0,,,,,,,,,,,,,0,26710,7804,9887,77,4,25.7,7.5,9.5,1.1,0.1,1910,578,769,15,4,22.2,6.7,8.9,0.9,0.3
Nikola Jokić,,playing,,,2015,2024,8,1,1,2,1,0,1,0,1,0,0,0,0,0,0,0,0,2,1,0,0,1,0,0,0,0,0,0,0,0,0,0,1,0,0,3,2,0,0,0,0,0,0,6,0,0,,,,,,,,,6,12,0,0,0,,0,0,0,,0,0,0,0,0,0,0,0,0,0,0,0,0,0,0,0,,0,0,1,,,,,,,,,,,0,13000,6700,4300,800,500,20.5,10.6,6.8,1.2,0.7,1868,820,496,71,62,27.5,12.1,7.3,1,0.9
Kevin Garnett,,retired,,,1995,2016,21,1,0,1,2,1,0,2,,,,,,0,0,1,4,1,0,0,0,0,0,0,0,0,0,0,1,3,1,0,0,1,0,4,3,2,9,4,1,0,3,10,5,1,,,,,,,,,9,20,0,1,0,,0,0,0,1,0,0,0,0,0,0,0,1,0,0,0,0,1,0,0,0,,0,0,1,,1,,,,,,,,,0,26017,14662,5445,1859,2037,17.8,10,3.7,1.3,1.4,2601,1534,471,178,186,18.2,10.7,3.3,1.2,1.3
Elgin Baylor,,retired,,,1958,1972,14,0,0,0,1,3,8,0,,,,,,0,2,2,0,0,1,0,0,0,,,,,,,,,,1,,,0,10,0,0,0,0,,,,11,0,1,,,,,,,,,,,,0,,,,,,1,,,,0,0,,,,,0,0,,1,,,0,,0,,,,,,,,,,,,,0,23149,11463,3650,-1,-1,27.4,13.5,4.3,-1,-1,3623,1724,541,-1,-1,27,12.9,4,-1,-1
Scottie Pippen,,retired,,,1987,2004,17,6,0,0,0,1,0,6,,,,,,0,0,0,0,0,0,0,0,0,1,1,1,0,0,0,0,2,1,0,0,0,0,3,2,2,8,2,0,1,1,0,7,1,,,,,,,,,2,5,0,2,0,,0,0,0,1,0,0,0,0,0,0,0,0,0,0,0,0,1,0,0,0,2,0,0,0,,,,,,,,,,,0,18940,7494,6135,2307,947,16.1,6.4,5.2,2,0.8,3642,1583,1048,395,185,17.5,7.6,5,1.9,0.9
James Harden,,playing,,,2009,2024,14,0,0,1,3,1,1,0,0,0,0,0,0,3,3,0,0,0,0,1,1,1,0,1,0,0,0,0,0,0,0,0,0,1,0,6,0,1,0,0,0,0,1,8,2,0,,,,,,,,,11,25,0,1,1,,0,0,0,,1,0,0,0,0,0,0,0,0,0,0,0,1,0,0,0,,0,0,0,,,,,,,,,,,0,25500,6000,7500,1600,600,24.5,5.6,7,1.5,0.6,3636,883,1013,267,85,22.7,5.5,6.3,1.7,0.5
Charles Barkley,,retired,,,1984,2000,16,0,0,1,1,0,1,0,,,,,,0,0,0,1,3,1,0,0,0,0,0,0,0,0,0,0,0,0,0,1,0,0,5,5,1,0,0,1,3,1,5,6,1,,,,,,,,,4,11,0,2,0,,0,0,0,1,0,0,0,0,0,0,0,0,0,0,0,0,1,,,0,1,0,0,1,,,,,,,,,,,0,23757,12546,4215,1648,888,22.1,11.7,3.9,1.5,0.8,2833,1582,482,193,108,23,12.9,3.9,1.6,0.9
Kawhi Leonard,,playing,,,2011,2024,12,2,2,0,1,1,2,1,1,1,0,0,0,0,0,0,0,0,0,0,0,0,1,0,0,0,0,0,2,0,1,0,1,0,0,3,2,0,3,4,0,0,0,5,1,1,,,,,,,,,0,8,0,0,0,,0,0,0,,0,0,0,0,0,0,0,0,0,0,0,0,1,0,0,0,,0,0,0,,,,,,,1,,,1,0,13500,4500,2200,1300,450,19.8,6.4,3,1.7,0.6,2934,1073,395,244,93,21.4,7.8,2.9,1.8,0.7
Rick Barry,,retired,,,1965,1980,10,1,1,0,0,0,2,0,,,,,,1,1,0,0,0,0,0,0,0,1,0,0,0,0,0,,,,1,1,0,0,5,1,0,0,0,1,0,0,8,0,1,0,0,0,0,4,0,0,0,0,1,,0,0,,0,0,0,1,0,0,0,0,0,0,0,0,0,0,0,0,1,,,0,,0,,,,,,,,,,,,,0,18395,5168,4017,1104,269,23.2,6.5,5.1,2,0.5,1833,418,340,106,39,24.8,5.6,4.6,2.2,0.8
Russell Westbrook,,playing,,,2008,2024,15,0,0,1,0,0,1,0,0,0,0,0,0,2,0,0,0,0,0,3,1,1,0,1,0,0,0,0,0,0,0,0,1,0,0,2,5,2,0,0,0,0,0,9,0,2,,,,,,,,,8,19,2,1,1,,0,0,0,,0,0,0,0,0,0,0,0,0,0,0,0,1,0,0,0,,0,1,1,,,1,,,,,,,,0,25000,8200,9400,1900,400,22.1,7.3,8.3,1.6,0.3,2843,832,911,204,38,24.5,7.2,7.9,1.8,0.3
Chris Paul,,playing,,,2005,2024,18,0,0,0,1,1,1,0,0,0,0,0,0,0,0,0,0,0,0,5,2,3,6,1,4,0,0,0,0,0,0,1,1,0,0,4,5,2,7,2,0,0,0,12,0,1,,,,,,,,,8,14,6,2,0,,0,0,0,,0,0,0,0,0,0,0,0,0,0,0,0,1,0,0,0,,0,0,0,1,,,,,,,,,,0,22500,5800,12000,2650,220,17.7,4.5,9.4,2.1,0.2,2980,730,1233,287,31,20,4.9,8.3,1.9,0.2
Isiah Thomas,,retired,,,1981,1994,13,2,1,0,0,0,0,3,,,,,,0,0,0,0,0,0,1,1,1,0,1,0,0,0,0,0,0,0,0,1,0,0,3,2,0,0,0,0,0,2,0,12,2,,,,,,,,,0,6,1,0,0,,0,0,0,1,0,0,0,0,0,0,0,1,0,0,0,0,1,,,0,1,0,,,,,,,,,,,,,0,18822,3478,9061,1861,249,19.2,3.6,9.3,1.9,0.3,2261,524,987,234,38,20.4,4.7,8.9,2.1,0.3
Allen Iverson,,retired,,,1996,2010,14,0,0,1,0,0,0,1,,,,,,4,2,2,0,0,0,0,0,0,3,1,1,0,0,0,0,0,0,1,1,0,1,3,3,1,0,0,0,0,2,2,9,2,,,,,,,,,4,23,2,0,0,,0,0,0,1,0,0,0,0,0,0,0,0,0,0,0,0,1,0,0,0,,0,0,0,,,,,,1,,,,,0,24368,3394,5624,1983,164,26.7,3.7,6.2,2.2,0.2,2111,273,425,147,14,29.7,3.8,6,2.1,0.2
Dolph Schayes,,retired,,,1949,1964,15,1,,0,2,0,0,3,,,,,,0,1,0,1,0,0,0,0,0,,,,,,,,,,,,,,6,6,0,0,0,,,,0,12,0,,,,,,,,,,,,0,,,,,,1,,,,0,1,,,,,0,0,,1,,,0,,0,,,,,,,,,,,,,0,18438,11256,3072,-1,-1,18.5,12.1,3.1,-1,-1,1887,1051,257,-1,-1,19.5,10.8,2.6,-1,-1
Steve Nash,,retired,,,1996,2014,18,0,0,2,1,0,0,0,,,,,,0,0,0,0,0,0,5,2,2,0,0,0,0,0,0,0,0,0,0,0,0,0,3,2,2,0,0,0,0,0,8,0,0,,,,,,,,,3,8,0,0,0,,0,0,1,1,0,0,0,0,0,0,0,1,1,0,0,0,1,0,0,0,,0,0,1,,,,,,,,,,,0,17387,3642,10335,899,102,14.3,3,8.5,0.7,0.1,2072,422,1061,66,14,17.3,3.5,8.8,0.6,0.1
John Stockton,,retired,,,1984,2003,19,0,0,0,0,0,2,0,,,,,,0,0,0,0,0,0,9,2,0,2,2,2,0,0,0,0,0,0,0,0,0,0,2,6,3,0,5,0,0,0,10,0,1,,,,,,,,,1,6,0,2,0,,0,0,0,1,0,0,0,0,0,0,0,0,0,0,0,0,1,,,0,1,0,,,,,,,,,,,,,0,19711,4051,15806,3265,315,13.1,2.7,10.5,2.2,0.2,2436,608,1839,338,50,13.4,3.3,10.1,1.9,0.3
Elvin Hayes,,retired,,,1968,1984,16,1,0,0,0,2,0,3,,,,,,1,0,2,2,0,1,0,0,0,0,0,0,0,0,2,0,0,0,0,1,0,0,3,3,0,0,2,0,0,0,4,8,0,,,,,,,,,0,1,,0,0,,0,0,0,1,0,0,0,0,0,0,0,0,0,0,0,0,1,,,0,,0,,,,,,,,,,,,,0,27313,16279,2398,864,1771,21,12.5,1.8,1,2,2194,1244,185,97,222,22.9,13,1.9,1.1,2.6
Jason Kidd,,retired,,,1994,2013,19,1,0,0,1,0,1,2,,,,,,0,0,0,0,0,0,5,3,2,0,0,2,0,0,0,0,0,0,1,1,0,0,5,1,0,4,5,0,0,0,5,5,0,,,,,,,,,3,17,1,2,0,3,0,0,1,1,0,0,2,0,0,0,0,0,0,0,0,0,1,0,0,0,1,0,0,0,,,,,,,,,,,0,17529,8725,12091,2684,450,12.6,6.3,8.7,1.9,0.3,2043,1058,1263,302,52,12.9,6.7,8,1.9,0.3
Willis Reed,,retired,,,1964,1974,10,2,2,1,1,0,0,2,,,,,,0,0,0,0,0,0,0,0,0,0,0,0,0,0,0,,,,1,1,0,0,1,4,0,1,0,0,0,0,0,7,1,,,,,,,,,,,,0,0,,0,0,0,1,0,0,0,0,0,0,0,0,0,0,0,0,1,,,0,,0,,,,,,,,,,,,,0,12183,8414,1186,12,21,18.7,12.9,1.8,0.6,1.1,1358,801,149,2,0,17.4,10.3,1.9,0.2,0
Dwight Howard,,retired,,,2004,2022,18,1,0,0,1,0,1,1,,,,,,0,0,0,5,2,2,0,0,0,0,0,0,2,0,1,3,0,1,0,1,0,0,5,1,2,4,1,2,1,2,2,6,0,,,,,,,,,6,15,0,1,0,1,1,0,0,0,0,0,0,0,0,0,0,0,0,0,0,0,0,0,0,0,,0,0,0,,,,1,1,,,,1,,0,19479,14627,1676,1081,2228,15.7,11.8,1.3,0.9,1.8,1909,1473,149,94,248,15.3,11.8,1.2,0.8,2
Bob McAdoo,,retired,,,1972,1986,14,2,0,1,2,0,3,0,,,,,,3,0,1,0,0,1,0,0,0,0,0,0,0,0,1,0,0,0,1,1,0,0,1,1,0,0,0,1,0,2,3,2,0,,,,,,,,,0,0,,0,0,,0,0,0,1,0,0,0,0,0,0,0,0,0,0,0,0,1,,,0,,0,,,,,,,,,,,,,0,18787,8048,1951,751,1147,22.1,9.4,2.3,1,1.5,1718,711,127,72,151,18.3,7.6,1.4,0.8,1.6
Clyde Drexler,,retired,,,1983,1998,15,1,0,0,1,0,3,0,,,,,,0,0,0,0,0,0,0,0,0,0,0,1,0,0,0,0,0,0,0,0,0,0,1,2,2,0,0,0,0,0,10,0,0,,,,,,,,,1,11,0,1,0,1,0,0,0,1,0,0,0,0,0,0,0,0,0,0,0,0,1,,,0,,0,,,,,,,,,,,,,0,22195,6677,6125,2207,719,20.4,6.1,5.6,2,0.7,2963,1002,891,278,108,20.4,6.9,6.1,1.9,0.7
Gary Payton,,retired,,,1990,2007,17,1,0,0,0,1,2,1,,,,,,0,0,0,0,0,0,0,0,2,1,0,2,0,0,0,1,2,1,0,0,1,0,2,5,2,9,0,0,0,0,9,0,0,,,,,,,,,1,3,0,2,0,,0,0,0,1,0,0,0,0,0,0,0,0,0,0,0,0,1,,,0,1,0,,,,,,,,,,,,,0,21813,5269,8966,2445,285,16.3,3.9,6.7,1.8,0.2,2155,575,811,216,32,14,3.7,5.3,0.9,0.5
Reggie Miller,,retired,,,1987,2005,18,0,0,0,0,0,0,1,,,,,,0,0,0,0,0,0,0,0,0,0,0,0,0,0,0,0,0,0,0,0,0,0,0,0,3,0,0,0,0,0,0,5,0,,,,,,,,,0,3,0,1,1,,0,0,0,1,0,0,0,0,0,0,0,1,0,0,0,0,1,,,0,,0,,,,,,,,,,,,,0,25279,4182,4141,1505,299,18.2,3,3,1.1,0.2,2972,416,357,146,34,20.6,2.9,2.5,-1,-1
Earl Monroe,,retired,,,1967,1980,13,1,0,0,0,0,0,3,,,,,,0,1,0,0,0,0,0,0,0,0,0,0,0,0,0,,,,1,1,0,0,1,0,0,0,0,0,0,0,0,4,0,,,,,,,,,0,0,,0,0,,0,0,0,1,0,0,0,0,0,0,0,0,0,0,0,0,1,,,0,,0,,,,,,,,,,,,,0,17454,2796,3594,473,121,18.8,3,3.9,1,0.3,1471,266,264,18,11,17.9,3.2,3.2,-1,-1
